e,word
0,것
1,하다
2,있다
3,있다
4,되다
5,수
6,하다
7,나
8,그
9,없다
10,않다
11,사람
12,우리
13,이
14,그
15,아니다
16,보다
17,등
18,때
19,거
20,보다
21,같다
22,주다
23,대하다
24,가다
25,년
26,한
27,말
28,일
29,이
30,때문
31,말하다
32,위하다
33,그러나
34,오다
35,알다
36,씨
37,그렇다
38,크다
39,또
40,일
41,사회
42,많다
43,안
44,좋다
45,더
46,받다
47,그것
48,집
49,나오다
50,따르다
51,그리고
52,문제
53,그런
54,살다
55,저
56,못하다
57,생각하다
58,모르다
59,속
60,만들다
61,데
62,두
63,앞
64,경우
65,중
66,어떤
67,잘
68,그녀
69,먹다
70,오다
71,자신
72,문화
73,원
74,생각
75,어떻다
76,명
77,통하다
78,그러다
79,소리
80,다시
81,다른
82,이런
83,여자
84,개
85,정도
86,뒤
87,듣다
88,다
89,좀
90,들다
91,싶다
92,보이다
93,가지다
94,함께
95,아이
96,지나다
97,많이
98,시간
99,너
100,주다
101,인간
102,사실
103,나다
104,이렇다
105,어머니
106,눈
107,뭐
108,점
109,의하다
110,시대
111,다음
112,이러하다
113,누구
114,전
115,곳
116,여러
117,안
118,하나
119,세계
120,버리다
121,위
122,운동
123,퍼센트
124,학교
125,자기
126,가장
127,대통령
128,가지
129,들다
130,시작하다
131,바로
132,어느
133,그래서
134,무엇
135,정부
136,모든
137,번
138,그거
139,돈
140,국가
141,그런데
142,날
143,여기
144,모두
145,여성
146,친구
147,마음
148,후
149,가다
150,놓다
151,관계
152,아버지
153,남자
154,어디
155,몸
156,얼굴
157,들어가다
158,왜
159,나타나다
160,말다
161,지역
162,다르다
163,모습
164,물
165,만나다
166,내다
167,보이다
168,쓰다
169,이것
170,없이
171,이번
172,길
173,생활
174,쓰다
175,지금
176,뿐
177,사이
178,방법
179,새롭다
180,우리나라
181,내다
182,앉다
183,처음
184,손
185,몇
186,그때
187,과정
188,삶
189,갖다
190,찾다
191,특히
192,시
193,이상
194,지금
195,나가다
196,이야기
197,교육
198,사다
199,경제
200,아직
201,잡다
202,같이
203,선생님
204,예술
205,서다
206,못
207,역사
208,읽다
209,이제
210,결과
211,내용
212,물론
213,동안
214,책
215,일어나다
216,당신
217,시장
218,넣다
219,중요하다
220,무슨
221,느끼다
222,어렵다
223,힘
224,너무
225,나라
226,부르다
227,의미
228,자리
229,밝히다
230,죽다
231,이미
232,쪽
233,정치
234,국민
235,생명
236,얘기
237,학생
238,연구
239,엄마
240,이름
241,하나
242,내리다
243,사건
244,및
245,쉽다
246,짓다
247,또한
248,이유
249,또는
250,필요하다
251,글
252,생기다
253,사용하다
254,남편
255,들어오다
256,밖
257,세상
258,작다
259,타다
260,대학
261,작품
262,상황
263,가운데
264,보내다
265,두다
266,즉
267,따라서
268,상태
269,이후
270,당시
271,문학
272,더욱
273,아주
274,지방
275,밤
276,높다
277,최근
278,채
279,현실
280,환경
281,컴퓨터
282,먼저
283,다니다
284,얼마나
285,자체
286,열다
287,머리
288,묻다
289,남다
290,부분
291,기업
292,거기
293,변화
294,아들
295,뜻
296,아
297,기다리다
298,떨어지다
299,선거
300,관하다
301,그냥
302,나누다
303,이용하다
304,거의
305,곧
306,중심
307,활동
308,오늘
309,서로
310,관심
311,역시
312,이거
313,애
314,광고
315,나다
316,방
317,정신
318,이르다
319,땅
320,이루다
321,아침
322,웃다
323,현상
324,두다
325,떠나다
326,기술
327,전체
328,그래
329,얻다
330,분
331,아름답다
332,끝
333,민족
334,간
335,조사
336,듯
337,입
338,뭐
339,그대로
340,영화
341,필요
342,줄
343,하늘
344,년대
345,과학
346,듯하다
347,자연
348,정말
349,구조
350,결국
351,밥
352,입다
353,오히려
354,프로그램
355,네
356,이루어지다
357,남
358,하루
359,그림
360,적
361,터
362,마시다
363,치다
364,혼자
365,나가다
366,이제
367,교수
368,술
369,사랑
370,의식
371,전화
372,끝나다
373,돌아오다
374,맞다
375,아빠
376,걸리다
377,지키다
378,한번
379,커피
380,가슴
381,길다
382,바라보다
383,알아보다
384,회사
385,맛
386,대부분
387,산업
388,매우
389,오르다
390,음식
391,표정
392,꼭
393,일부
394,요즘
395,계획
396,느낌
397,얼마
398,고개
399,성격
400,계속
401,세기
402,세우다
403,아내
404,가족
405,현재
406,세
407,놓다
408,발전
409,차
410,놀다
411,향하다
412,관련
413,형태
414,각
415,도시
416,작업
417,분위기
418,그러하다
419,자기
420,나이
421,우선
422,믿다
423,바꾸다
424,낳다
425,바
426,정보
427,열리다
428,좋아하다
429,그리다
430,만큼
431,배우다
432,시
433,역할
434,옆
435,행동
436,어
437,국내
438,비하다
439,기관
440,입장
441,만하다
442,예
443,아래
444,방식
445,영향
446,그럼
447,나서다
448,흐르다
449,저
450,깊다
451,배
452,내
453,모양
454,산
455,새
456,하지만
457,조건
458,문
459,꽃
460,단계
461,올리다
462,그동안
463,교사
464,갑자기
465,넘다
466,지니다
467,바람
468,잘하다
469,마을
470,어리다
471,대표
472,가능성
473,방향
474,대회
475,목소리
476,노래
477,바다
478,힘들다
479,공부
480,움직이다
481,의원
482,노력
483,못하다
484,전혀
485,언니
486,단체
487,분
488,알려지다
489,가능하다
490,능력
491,주장하다
492,자식
493,돌리다
494,불
495,주민
496,모으다
497,자료
498,존재
499,학년
500,신문
501,가지다
502,이해하다
503,제품
504,분야
505,선생
506,돌아가다
507,사업
508,행위
509,수준
510,지난해
511,표현
512,기분
513,대
514,젊다
515,동시
516,옷
517,기능
518,순간
519,전쟁
520,전
521,꿈
522,할머니
523,회의
524,방송
525,이야기하다
526,나무
527,자다
528,연극
529,오늘
530,마찬가지
531,걷다
532,노동
533,이때
534,과거
535,가치
536,시간
537,집단
538,현대
539,살펴보다
540,장관
541,차이
542,풀다
543,시절
544,물건
545,직접
546,개인
547,근데
548,발
549,작가
550,효과
551,불교
552,끌다
553,대로
554,빨리
555,시작되다
556,둘
557,말다
558,설명하다
559,우주
560,시기
561,마치
562,살
563,생산
564,바라다
565,강하다
566,경험
567,음악
568,최고
569,나타내다
570,아프다
571,적다
572,비
573,고향
574,놀라다
575,다양하다
576,울다
577,농민
578,드러나다
579,은행
580,지내다
581,결혼
582,동생
583,법
584,소설
585,예
586,오후
587,질서
588,담다
589,모이다
590,시민
591,회장
592,빠르다
593,스스로
594,아기
595,아저씨
596,옛날
597,이날
598,제대로
599,달
600,던지다
601,참
602,공간
603,이곳
604,딸
605,마지막
606,벌이다
607,병원
608,자세
609,강조하다
610,경찰
611,맡다
612,저녁
613,한편
614,그러면
615,기자
616,넓다
617,시험
618,잠
619,주로
620,훨씬
621,면
622,통일
623,들어서다
624,건강
625,가깝다
626,건물
627,시설
628,외국
629,밑
630,어른
631,주변
632,대신
633,원인
634,팔다
635,차례
636,군
637,열심히
638,일하다
639,재산
640,조금
641,팀
642,부모
643,약간
644,언어
645,요구하다
646,올라가다
647,첫
648,감독
649,그날
650,사실
651,자주
652,당하다
653,삼다
654,약
655,기간
656,담배
657,일으키다
658,일단
659,할아버지
660,조직
661,태어나다
662,공장
663,벌써
664,즐기다
665,지
666,환자
667,변하다
668,사고
669,그래도
670,아무리
671,맞추다
672,쌀
673,일반
674,재미있다
675,가르치다
676,대화
677,막다
678,올해
679,형
680,달리
681,버리다
682,붙이다
683,인물
684,늘
685,모두
686,전국
687,마치다
688,전
689,다만
690,도움
691,가정
692,걸다
693,빠지다
694,멀다
695,버스
696,오늘날
697,잠시
698,농업
699,대다
700,식
701,의견
702,무대
703,사진
704,주장
705,표현하다
706,인하다
707,이상하다
708,제일
709,붙다
710,아마
711,얘기하다
712,잇다
713,조금
714,경기
715,목적
716,태도
717,남성
718,주위
719,대책
720,그만
721,발생하다
722,다리
723,아무
724,어쩌다
725,재료
726,각각
727,결코
728,옮기다
729,항상
730,해
731,잃다
732,자유
733,책임
734,바뀌다
735,비슷하다
736,심하다
737,경쟁
738,달러
739,사랑하다
740,아니
741,여름
742,자라다
743,회
744,구체적
745,기회
746,실시하다
747,지구
748,번째
749,소비자
750,싫다
751,규모
752,기준
753,말
754,반드시
755,셈
756,갖추다
757,그러니까
758,받아들이다
759,값
760,현장
761,건설
762,꺼내다
763,노동자
764,동네
765,언제나
766,완전히
767,자동차
768,전하다
769,존재하다
770,개월
771,맞다
772,별로
773,어린이
774,정하다
775,한마디
776,유지하다
777,이데올로기
778,공부하다
779,대중
780,늘어나다
781,닦다
782,만
783,말씀
784,괜찮다
785,눈물
786,각종
787,빛
788,아니
789,피하다
790,거치다
791,나아가다
792,야
793,지식
794,현재
795,여전히
796,주인
797,발견하다
798,선
799,인류
800,특징
801,드리다
802,선수
803,형식
804,마련하다
805,반
806,발표하다
807,주제
808,걸치다
809,겪다
810,관점
811,귀
812,기본
813,미터
814,사라지다
815,어떠하다
816,감정
817,기억
818,놈
819,인기
820,배
821,아파트
822,가끔
823,구성
824,술
825,실제로
826,짧다
827,고맙다
828,관리
829,그곳
830,달다
831,보다
832,비롯하다
833,과연
834,들리다
835,달리다
836,바쁘다
837,이전
838,인정하다
839,자
840,중앙
841,나쁘다
842,불구하다
843,시키다
844,게임
845,국제
846,그룹
847,인생
848,전통
849,기르다
850,잔
851,조사하다
852,커다랗다
853,있다
854,시인
855,언제
856,외
857,평가
858,내려오다
859,위치
860,줄이다
861,가격
862,달라지다
863,비다
864,삼국
865,손님
866,원하다
867,통신
868,확인하다
869,모임
870,수
871,아무
872,웃음
873,기계
874,모양
875,물질
876,아나운서
877,뉴스
878,살아가다
879,펴다
880,배
881,수업
882,겨울
883,종교
884,층
885,자연스럽다
886,장
887,돌다
888,식사
889,안다
890,이해
891,잊다
892,제시하다
893,반
894,불과하다
895,혹은
896,엄청나다
897,편
898,텔레비전
899,파악하다
900,편
901,실천
902,노력하다
903,보호
904,씻다
905,한편
906,늦다
907,이웃
908,편지
909,공동
910,까닭
911,방안
912,센티미터
913,팔
914,분명하다
915,분석
916,소녀
917,지나가다
918,차
919,상품
920,설명
921,훌륭하다
922,관계자
923,새로
924,세
925,이어지다
926,티브이
927,봄
928,종류
929,낮다
930,어깨
931,지적하다
932,부부
933,오래
934,요구
935,키우다
936,눕다
937,발달하다
938,발전하다
939,여행
940,죽음
941,고통
942,등장하다
943,공
944,듯이
945,어울리다
946,오월
947,쉬다
948,알리다
949,차다
950,과
951,멀리
952,빼다
953,예정
954,오빠
955,즐겁다
956,한계
957,흔히
958,바탕
959,사월
960,싸우다
961,언제
962,예쁘다
963,갈등
964,느껴지다
965,의지
966,전문
967,정확하다
968,초기
969,나중
970,등
971,맛있다
972,며칠
973,신경
974,찾아오다
975,미
976,사용
977,시선
978,아무런
979,언론
980,투자
981,지원
982,결정하다
983,경영
984,목표
985,성장
986,숲
987,없어지다
988,작년
989,내려가다
990,떠오르다
991,미치다
992,새벽
993,쓰레기
994,얼른
995,임금
996,피해
997,한
998,무섭다
999,직장
1000,참다
1001,크기
1002,고기
1003,남기다
1004,서양
1005,주요
1006,지나치다
1007,가져오다
1008,냄새
1009,부드럽다
1010,여기다
1011,이
1012,공연
1013,남녀
1014,내놓다
1015,떼다
1016,만들어지다
1017,속도
1018,심각하다
1019,준비
1020,계속되다
1021,구월
1022,맑다
1023,소년
1024,소식
1025,유월
1026,작용
1027,허리
1028,골
1029,공업
1030,그중
1031,노인
1032,벌다
1033,살리다
1034,새
1035,영어
1036,출신
1037,결정
1038,경향
1039,기록
1040,나름
1041,대답하다
1042,반면
1043,썰다
1044,움직임
1045,이미지
1046,터지다
1047,특성
1048,교장
1049,벗다
1050,업무
1051,입시
1052,준비하다
1053,청소년
1054,돕다
1055,응
1056,이기다
1057,찾아보다
1058,취하다
1059,다루다
1060,달
1061,사장
1062,삼월
1063,그렇지만
1064,선배
1065,업체
1066,키
1067,구하다
1068,국회
1069,그러므로
1070,포함하다
1071,걱정
1072,결혼하다
1073,만약
1074,바르다
1075,세월
1076,숨
1077,행사
1078,깨닫다
1079,누나
1080,신
1081,왕
1082,점점
1083,질문
1084,특별
1085,판단
1086,해결하다
1087,거리
1088,계속하다
1089,그치다
1090,근처
1091,너무나
1092,높이다
1093,부정
1094,사정
1095,도대체
1096,막
1097,부모님
1098,수출
1099,계시다
1100,그
1101,자르다
1102,데리다
1103,마리
1104,무척
1105,비용
1106,비행기
1107,옳다
1108,원래
1109,처리
1110,최초
1111,꼴
1112,놀이
1113,뜨겁다
1114,뿌리
1115,수입
1116,초
1117,그리하여
1118,낮
1119,일찍
1120,직원
1121,찍다
1122,가볍다
1123,내부
1124,다소
1125,상대
1126,오전
1127,피부
1128,가게
1129,가득
1130,그저
1131,도
1132,벽
1133,장군
1134,무역
1135,부담
1136,약속
1137,인사
1138,줄
1139,쳐다보다
1140,충분히
1141,대
1142,신체
1143,에너지
1144,위원
1145,정리하다
1146,집안
1147,배경
1148,죽이다
1149,단순하다
1150,반대
1151,법칙
1152,빠지다
1153,소금
1154,오염
1155,자전거
1156,참여하다
1157,탓
1158,푸르다
1159,그래
1160,목
1161,발표
1162,범죄
1163,위
1164,흔들다
1165,기초
1166,논리
1167,드라마
1168,뽑다
1169,피우다
1170,감각
1171,미리
1172,부족하다
1173,인사
1174,저희
1175,진행되다
1176,교통
1177,기구
1178,법
1179,오랜
1180,젊은이
1181,후보
1182,거리
1183,과제
1184,근거
1185,기록하다
1186,다가오다
1187,불다
1188,시각
1189,이끌다
1190,종합
1191,한글
1192,가을
1193,개발하다
1194,내일
1195,떨다
1196,매일
1197,손가락
1198,수단
1199,자
1200,자유롭다
1201,적극적
1202,판매
1203,형성
1204,기울이다
1205,길이
1206,장면
1207,점차
1208,톤
1209,관련되다
1210,급
1211,나머지
1212,날씨
1213,더불다
1214,동물
1215,의사
1216,개방
1217,건강하다
1218,미래
1219,앞서
1220,여러분
1221,왜냐하면
1222,인구
1223,기대하다
1224,네
1225,도착하다
1226,병
1227,소프트웨어
1228,흘리다
1229,반응
1230,주인공
1231,당연하다
1232,따뜻하다
1233,따로
1234,비판
1235,빌리다
1236,세대
1237,축구
1238,형님
1239,놓이다
1240,당장
1241,무렵
1242,밝다
1243,사물
1244,일반적
1245,장소
1246,곱다
1247,바닥
1248,새끼
1249,생각되다
1250,서비스
1251,선택하다
1252,심다
1253,적다
1254,코
1255,간단하다
1256,고등학교
1257,공개
1258,교실
1259,스스로
1260,견디다
1261,기사
1262,막히다
1263,매체
1264,별
1265,복잡하다
1266,뿌리다
1267,영역
1268,체험
1269,구속
1270,때로
1271,어쩌면
1272,극복하다
1273,불법
1274,비밀
1275,색
1276,쓰이다
1277,일정하다
1278,다지다
1279,밝혀지다
1280,아까
1281,알맞다
1282,이념
1283,희다
1284,가리키다
1285,모시다
1286,발달
1287,수많다
1288,잘못
1289,치르다
1290,평화
1291,공사
1292,돌
1293,똑같다
1294,박사
1295,성
1296,전문가
1297,단지
1298,말씀하다
1299,무용
1300,불리다
1301,싸움
1302,자꾸
1303,차리다
1304,해외
1305,그리
1306,뜨다
1307,문화재
1308,미소
1309,보통
1310,식당
1311,의미하다
1312,이래
1313,체육
1314,구성되다
1315,독특하다
1316,땀
1317,사례
1318,소개하다
1319,잘되다
1320,추진하다
1321,칠월
1322,틀
1323,평균
1324,훈련
1325,흐름
1326,십이월
1327,쌓이다
1328,이익
1329,쥐다
1330,게다가
1331,끓이다
1332,논문
1333,멈추다
1334,사용되다
1335,오랫동안
1336,위기
1337,정당
1338,종이
1339,찾아가다
1340,폭력
1341,혹시
1342,늘다
1343,양
1344,절차
1345,진짜
1346,계시다
1347,공기
1348,닿다
1349,물론
1350,속하다
1351,올림픽
1352,이외
1353,재미
1354,제공하다
1355,증가하다
1356,기대
1357,떡
1358,식물
1359,옛
1360,외치다
1361,적어도
1362,편하다
1363,평
1364,권리
1365,끝내다
1366,대답
1367,시작
1368,어려움
1369,일주일
1370,자원
1371,춤
1372,넘기다
1373,드리다
1374,물체
1375,분명히
1376,시위
1377,아무것
1378,온
1379,젖다
1380,제외하다
1381,최대
1382,평소
1383,견해
1384,깨끗하다
1385,농사
1386,더구나
1387,안정
1388,어둠
1389,어둡다
1390,어쨌든
1391,주택
1392,고장
1393,관련하다
1394,눈길
1395,물어보다
1396,미안하다
1397,밀다
1398,스트레스
1399,음
1400,인사
1401,주어지다
1402,고려하다
1403,과일
1404,널리
1405,농촌
1406,올라오다
1407,챙기다
1408,고르다
1409,바르다
1410,벌어지다
1411,소재
1412,전망
1413,포기하다
1414,형성되다
1415,고치다
1416,그림자
1417,눈
1418,다하다
1419,마침내
1420,비교하다
1421,시월
1422,커지다
1423,한쪽
1424,검사
1425,결론
1426,들이다
1427,맡기다
1428,박물관
1429,소문
1430,싣다
1431,쌓다
1432,어서
1433,자녀
1434,제목
1435,짓
1436,판결
1437,팔월
1438,하얗다
1439,희망
1440,가방
1441,군대
1442,그만큼
1443,무어
1444,비로소
1445,상대방
1446,서구
1447,소유
1448,시골
1449,실수
1450,잘못되다
1451,치료
1452,폭
1453,호
1454,내밀다
1455,맞다
1456,부문
1457,시리즈
1458,임신
1459,잡히다
1460,해
1461,규정
1462,그램
1463,밭
1464,분석하다
1465,식구
1466,아예
1467,어찌
1468,울리다
1469,작용하다
1470,확실하다
1471,개선
1472,그릇
1473,글자
1474,바람직하다
1475,연구하다
1476,착하다
1477,개
1478,라디오
1479,마련
1480,부동산
1481,신화
1482,양
1483,점
1484,직업
1485,거두다
1486,방학
1487,범위
1488,조상
1489,철학
1490,검다
1491,곁
1492,근본적
1493,너희
1494,대형
1495,따다
1496,문제점
1497,본격적
1498,불가능하다
1499,인제
1500,충격
1501,퍼지다
1502,금방
1503,남쪽
1504,누르다
1505,미술
1506,백성
1507,상당히
1508,색깔
1509,요리
1510,유명하다
1511,자네
1512,기
1513,꽤
1514,서로
1515,외국인
1516,한참
1517,군사
1518,끊다
1519,넘어가다
1520,담기다
1521,마당
1522,부인
1523,서두르다
1524,지적
1525,짝
1526,참으로
1527,충분하다
1528,기쁘다
1529,뛰다
1530,숙제
1531,앞두다
1532,예산
1533,온갖
1534,우려
1535,우산
1536,기쁨
1537,깊이
1538,꾸미다
1539,늘리다
1540,무릎
1541,발견되다
1542,보호하다
1543,시스템
1544,이용
1545,지난달
1546,지르다
1547,참여
1548,걸음
1549,겨우
1550,마르다
1551,비교적
1552,애쓰다
1553,올바르다
1554,책상
1555,춥다
1556,흔하다
1557,높아지다
1558,늙다
1559,단위
1560,둘째
1561,뛰어나다
1562,무겁다
1563,바람
1564,상상
1565,소득
1566,수도
1567,역
1568,인식하다
1569,자
1570,침대
1571,권
1572,뜨다
1573,맺다
1574,수요
1575,스타
1576,시계
1577,입술
1578,잎
1579,중간
1580,지도자
1581,천천히
1582,구성하다
1583,대체로
1584,때리다
1585,몹시
1586,문득
1587,스포츠
1588,위원장
1589,저기
1590,특별하다
1591,효과적
1592,가까이
1593,낫다
1594,넘어서다
1595,볶다
1596,생산하다
1597,언젠가
1598,예술가
1599,의도
1600,저지르다
1601,줄어들다
1602,가만히
1603,건
1604,교회
1605,대개
1606,외부
1607,한두
1608,한때
1609,화
1610,흙
1611,가난하다
1612,고객
1613,과학자
1614,관광
1615,살아오다
1616,상대적
1617,수술
1618,식품
1619,연기
1620,일월
1621,조
1622,첫째
1623,회원
1624,도서관
1625,들려오다
1626,조금씩
1627,조미료
1628,풀리다
1629,강력하다
1630,들여다보다
1631,마늘
1632,선물
1633,습관
1634,아주머니
1635,위험
1636,지하
1637,활용하다
1638,가꾸다
1639,고민
1640,떠올리다
1641,맨
1642,법률
1643,상처
1644,좁다
1645,지하철
1646,집다
1647,현
1648,화면
1649,군
1650,대표적
1651,만일
1652,사회적
1653,생겨나다
1654,이어
1655,주부
1656,진리
1657,태양
1658,틀림없다
1659,프로
1660,피다
1661,공급
1662,도로
1663,동료
1664,잘못
1665,지다
1666,채우다
1667,균형
1668,기본적
1669,부족
1670,사무실
1671,이월
1672,일요일
1673,접근
1674,지켜보다
1675,개성
1676,달리다
1677,더하다
1678,띄다
1679,무너지다
1680,보통
1681,쓰다
1682,이러다
1683,일어서다
1684,죄
1685,참
1686,총장
1687,핵심
1688,후반
1689,단순히
1690,달려가다
1691,방문
1692,불만
1693,불편하다
1694,실제
1695,종
1696,피
1697,강
1698,관객
1699,동작
1700,뜻하다
1701,막
1702,밀리미터
1703,비싸다
1704,숫자
1705,열
1706,왼쪽
1707,중세
1708,택시
1709,통합
1710,계산
1711,꼬리
1712,놀랍다
1713,양식
1714,예전
1715,저
1716,전기
1717,주식
1718,틀리다
1719,끊임없이
1720,모델
1721,붓다
1722,상식
1723,상표
1724,시원하다
1725,아니하다
1726,어디
1727,의식하다
1728,고모
1729,궁금하다
1730,둘러싸다
1731,딱
1732,뛰다
1733,민주화
1734,보도
1735,살피다
1736,않다
1737,약하다
1738,잘못하다
1739,잡지
1740,거부하다
1741,공무원
1742,그만두다
1743,댁
1744,반갑다
1745,부족
1746,실시
1747,운명
1748,재정
1749,차라리
1750,학자
1751,다녀오다
1752,달다
1753,대규모
1754,동
1755,민간
1756,법원
1757,비디오
1758,사실상
1759,아끼다
1760,이쪽
1761,지대
1762,판단하다
1763,행복하다
1764,굽다
1765,기름
1766,실천하다
1767,쏟아지다
1768,연습
1769,오른쪽
1770,용어
1771,익히다
1772,지도
1773,지위
1774,풍부하다
1775,화장실
1776,기억하다
1777,식량
1778,실험
1779,용기
1780,토론
1781,고급
1782,고생
1783,미치다
1784,밟다
1785,상당하다
1786,섞다
1787,수석
1788,없애다
1789,이뤄지다
1790,적절하다
1791,정상
1792,제사
1793,주말
1794,지혜
1795,참새
1796,화장품
1797,굵다
1798,깨끗이
1799,낡다
1800,내년
1801,농산물
1802,눈앞
1803,대학생
1804,방문하다
1805,붉다
1806,사고
1807,순서
1808,아무래도
1809,연구소
1810,올
1811,위대하다
1812,이사
1813,지배하다
1814,틈
1815,가령
1816,거대하다
1817,닫다
1818,드물다
1819,들르다
1820,매달리다
1821,생일
1822,섬
1823,이하
1824,참석하다
1825,토대
1826,해결
1827,행복
1828,걸어가다
1829,근로자
1830,글쎄
1831,목숨
1832,백화점
1833,변화하다
1834,병
1835,빠져나가다
1836,안녕하다
1837,여론
1838,의복
1839,체조
1840,출발하다
1841,현실적
1842,화제
1843,결정되다
1844,고양이
1845,공격
1846,물가
1847,민주주의
1848,불안
1849,소중하다
1850,여유
1851,의문
1852,중학교
1853,킬로미터
1854,파도
1855,흰색
1856,가수
1857,단
1858,방송국
1859,빛나다
1860,숨다
1861,실리다
1862,압력
1863,예금
1864,예상되다
1865,입학
1866,증권
1867,직후
1868,차량
1869,출산
1870,물다
1871,선진국
1872,약
1873,어느새
1874,재판
1875,저쪽
1876,제자
1877,창문
1878,초
1879,치즈
1880,회복
1881,구역
1882,대응
1883,반대하다
1884,발휘하다
1885,소비
1886,심장
1887,아이고
1888,조용히
1889,중소기업
1890,직접적
1891,진실
1892,필자
1893,협력
1894,가스
1895,계층
1896,구멍
1897,담당
1898,만화
1899,먹이다
1900,무시하다
1901,보도하다
1902,살짝
1903,생각나다
1904,우유
1905,인상
1906,차갑다
1907,철저하다
1908,태아
1909,관찰하다
1910,괜히
1911,끼다
1912,날개
1913,녀석
1914,눈빛
1915,단지
1916,두르다
1917,드디어
1918,물속
1919,민주
1920,성공하다
1921,소나무
1922,여기저기
1923,여인
1924,운영하다
1925,평가하다
1926,표
1927,필요성
1928,감추다
1929,머무르다
1930,모
1931,부위
1932,비우다
1933,설치하다
1934,십일월
1935,싸다
1936,아울러
1937,지시
1938,형성하다
1939,형제
1940,화려하다
1941,거울
1942,덧붙이다
1943,딴
1944,몇몇
1945,무기
1946,세계적
1947,안전
1948,양파
1949,이상
1950,일종
1951,처지
1952,촬영
1953,타다
1954,틀다
1955,형편
1956,가지
1957,감다
1958,고추
1959,규칙
1960,본질
1961,비치다
1962,빵
1963,서서히
1964,스승
1965,신분
1966,실시되다
1967,아마도
1968,안방
1969,앓다
1970,어제
1971,오직
1972,위험하다
1973,자신
1974,잠시
1975,졸업하다
1976,증거
1977,초점
1978,포함되다
1979,호랑이
1980,강화하다
1981,공포
1982,권위
1983,덜
1984,둥글다
1985,미루다
1986,본래
1987,부엌
1988,세금
1989,실정
1990,영양
1991,육체
1992,입구
1993,잔뜩
1994,적극
1995,최소한
1996,펼쳐지다
1997,경험하다
1998,그이
1999,넘치다
2000,놓치다
2001,대기
2002,독립
2003,돌아보다
2004,또다시
2005,머릿속
2006,북쪽
2007,불안하다
2008,쇠고기
2009,위반
2010,주
2011,카드
2012,평생
2013,해당하다
2014,간부
2015,관념
2016,굉장히
2017,단어
2018,덮다
2019,도와주다
2020,도입
2021,몰다
2022,배우
2023,비추다
2024,신발
2025,알
2026,앞서다
2027,여건
2028,오래전
2029,자격
2030,통제
2031,계단
2032,김치
2033,끄덕이다
2034,낯설다
2035,높이
2036,닮다
2037,마음속
2038,못지않다
2039,반영하다
2040,뼈
2041,성장하다
2042,소속
2043,연결되다
2044,장사
2045,제작
2046,제한
2047,차다
2048,추진
2049,취하다
2050,콩
2051,한숨
2052,헤어지다
2053,구입하다
2054,날다
2055,너머
2056,동기
2057,마련
2058,살
2059,선장
2060,설탕
2061,순수하다
2062,스타일
2063,시점
2064,싸다
2065,의사
2066,집중
2067,코드
2068,큰일
2069,거짓말
2070,대단하다
2071,대단히
2072,마주
2073,세계관
2074,어제
2075,온통
2076,의존하다
2077,자세히
2078,점심
2079,정확히
2080,지치다
2081,청년
2082,혀
2083,확대하다
2084,후춧가루
2085,건설하다
2086,경쟁력
2087,마침
2088,신용
2089,연락
2090,온몸
2091,정
2092,정신적
2093,증상
2094,출연하다
2095,칼
2096,한꺼번에
2097,강제
2098,건너다
2099,깨다
2100,낚시
2101,다가가다
2102,뛰어들다
2103,문자
2104,묻다
2105,비롯되다
2106,슬프다
2107,신부
2108,여겨지다
2109,오징어
2110,요금
2111,용돈
2112,위주
2113,음료
2114,의자
2115,전자
2116,전해지다
2117,전환
2118,지경
2119,진행
2120,카메라
2121,통증
2122,편리하다
2123,하천
2124,현금
2125,화학
2126,활발하다
2127,가리다
2128,거칠다
2129,그나마
2130,그야말로
2131,껍질
2132,남부
2133,명령
2134,몰래
2135,무조건
2136,반장
2137,부근
2138,선택
2139,역사가
2140,연구자
2141,연기자
2142,워낙
2143,정리
2144,조그맣다
2145,줄기
2146,찾아내다
2147,토요일
2148,경찰관
2149,권하다
2150,극장
2151,끝내
2152,대문
2153,더욱이
2154,별도
2155,비극
2156,솜씨
2157,시내
2158,신
2159,실내
2160,쏟다
2161,연결하다
2162,외교
2163,주머니
2164,계약
2165,과장
2166,극
2167,나란히
2168,다방
2169,부끄럽다
2170,성공
2171,수행하다
2172,신청
2173,실로
2174,아픔
2175,알아듣다
2176,약간
2177,연기
2178,이동
2179,인연
2180,일행
2181,지도
2182,지식인
2183,진지하다
2184,치다
2185,호흡
2186,흔들리다
2187,근본
2188,기온
2189,날아가다
2190,많아지다
2191,바위
2192,버릇
2193,비판하다
2194,빨갛다
2195,세워지다
2196,술집
2197,쉬다
2198,오랜만
2199,일부러
2200,전체적
2201,절반
2202,접근하다
2203,편안하다
2204,풍경
2205,확실히
2206,흩어지다
2207,갈다
2208,교류
2209,글쓰기
2210,기후
2211,내내
2212,대기업
2213,대응하다
2214,도구
2215,매력
2216,백
2217,보험
2218,부럽다
2219,부장
2220,섞이다
2221,소
2222,심리
2223,심정
2224,쏘다
2225,아줌마
2226,위치하다
2227,이룩하다
2228,이틀
2229,전달하다
2230,정말로
2231,추다
2232,켜다
2233,코너
2234,행동하다
2235,형사
2236,희곡
2237,감동
2238,공항
2239,군인
2240,굳이
2241,그늘
2242,급하다
2243,달걀
2244,대중문화
2245,마련되다
2246,마루
2247,무게
2248,물기
2249,성적
2250,솔직히
2251,시도하다
2252,아니요
2253,예절
2254,인상
2255,인터넷
2256,적용하다
2257,전통적
2258,참가하다
2259,치마
2260,친척
2261,특정하다
2262,호텔
2263,경계
2264,공식
2265,그다지
2266,긴장
2267,깎다
2268,다리
2269,따라가다
2270,머물다
2271,명예
2272,뱃사람
2273,부처
2274,숙이다
2275,아가씨
2276,온도
2277,이마
2278,절대로
2279,지붕
2280,지원하다
2281,진짜
2282,짙다
2283,창밖
2284,청소
2285,침묵
2286,텍스트
2287,표면
2288,햇살
2289,객관적
2290,걱정하다
2291,경제적
2292,구름
2293,구석
2294,끄다
2295,담당하다
2296,둥지
2297,벗기다
2298,부대
2299,불빛
2300,서클
2301,시청자
2302,실체
2303,엄격하다
2304,완벽하다
2305,완전하다
2306,절
2307,종업원
2308,증가
2309,출연
2310,학기
2311,한동안
2312,후기
2313,계절
2314,만지다
2315,목사
2316,바늘
2317,버티다
2318,부
2319,분포하다
2320,비중
2321,수입
2322,아이디어
2323,양쪽
2324,예컨대
2325,운동장
2326,전개
2327,접촉
2328,짐
2329,풀
2330,해마다
2331,후배
2332,휴가
2333,경기
2334,계곡
2335,국회의원
2336,다투다
2337,도저히
2338,뻗다
2339,생활하다
2340,솔직하다
2341,안타깝다
2342,앞장서다
2343,요청하다
2344,이르다
2345,일치하다
2346,젓다
2347,정치권
2348,처녀
2349,축제
2350,터뜨리다
2351,학습
2352,개발되다
2353,높이
2354,당연히
2355,대비하다
2356,동쪽
2357,떨리다
2358,마구
2359,만남
2360,미디어
2361,복도
2362,수상
2363,쓰러지다
2364,영상
2365,영혼
2366,운전사
2367,자랑스럽다
2368,잠깐
2369,적당하다
2370,적용되다
2371,주
2372,지속적
2373,진행하다
2374,차별
2375,곳곳
2376,구분
2377,금지
2378,내지
2379,달려오다
2380,둘러보다
2381,분노
2382,비교
2383,소위
2384,스치다
2385,역사적
2386,열차
2387,요즈음
2388,유난히
2389,의무
2390,잃어버리다
2391,잠깐
2392,잠들다
2393,정식
2394,조용하다
2395,즉시
2396,최선
2397,탑
2398,한복
2399,활동하다
2400,건축
2401,귀엽다
2402,답답하다
2403,당황하다
2404,동일하다
2405,떨어뜨리다
2406,똑같이
2407,라면
2408,말
2409,밀가루
2410,바깥
2411,바지
2412,벌리다
2413,보고서
2414,보관하다
2415,부딪치다
2416,빨래
2417,상하다
2418,설치
2419,식용유
2420,싫어하다
2421,업종
2422,연출
2423,테이블
2424,트이다
2425,피곤하다
2426,한국어
2427,한자
2428,겁
2429,관리
2430,국제화
2431,근육
2432,깔리다
2433,사전
2434,산소
2435,석유
2436,소리치다
2437,시
2438,신선하다
2439,안경
2440,약속하다
2441,연합
2442,인격
2443,장
2444,적
2445,조심하다
2446,질
2447,찌르다
2448,책임자
2449,총
2450,취미
2451,표
2452,품목
2453,확대되다
2454,거실
2455,논
2456,덥다
2457,둘째
2458,바보
2459,별
2460,보람
2461,부작용
2462,비난
2463,신고
2464,야구
2465,어떡하다
2466,예상
2467,위협
2468,이
2469,이상
2470,잠기다
2471,주고받다
2472,주먹
2473,지지
2474,털다
2475,경고
2476,공개하다
2477,과목
2478,구경
2479,그분
2480,근무
2481,논쟁
2482,달아나다
2483,묶다
2484,성명
2485,소스
2486,수십
2487,신다
2488,우리말
2489,유교
2490,이불
2491,이성
2492,일상
2493,자동
2494,장래
2495,전개되다
2496,죄송하다
2497,중요성
2498,크다
2499,탤런트
2500,특별히
2501,품질
2502,회견
2503,훔치다
2504,흔적
2505,고전
2506,과학적
2507,구분하다
2508,그럼
2509,뇌
2510,봉투
2511,분명
2512,사설
2513,승리
2514,좌우
2515,주
2516,지다
2517,추억
2518,하여튼
2519,함부로
2520,향기
2521,현지
2522,가늘다
2523,개인적
2524,겉
2525,굽히다
2526,근무하다
2527,깜짝
2528,넓히다
2529,대
2530,떠들다
2531,매년
2532,발생
2533,셋
2534,소주
2535,손바닥
2536,승용차
2537,어색하다
2538,얹다
2539,의학
2540,장점
2541,적당히
2542,줍다
2543,진출
2544,창조
2545,킬로그램
2546,평범하다
2547,프로
2548,홍보
2549,확인
2550,가루
2551,건지다
2552,깨지다
2553,내다보다
2554,대량
2555,동행
2556,들
2557,떼
2558,마땅하다
2559,바로잡다
2560,박히다
2561,방금
2562,생선
2563,슬픔
2564,아무렇다
2565,이용되다
2566,이튿날
2567,임시
2568,제거하다
2569,줄다
2570,지구
2571,지우다
2572,참기름
2573,통
2574,특수
2575,팬
2576,합치다
2577,호기심
2578,골목
2579,기운
2580,기획
2581,대충
2582,돌아서다
2583,동화
2584,두껍다
2585,맞서다
2586,모자라다
2587,박다
2588,본성
2589,상상하다
2590,생산력
2591,셋째
2592,안전하다
2593,유학
2594,이르다
2595,장비
2596,정치인
2597,정치적
2598,졸업
2599,처벌
2600,카페
2601,콤플렉스
2602,검토
2603,그다음
2604,기법
2605,끓다
2606,날아오다
2607,농담
2608,닭
2609,담임
2610,도중
2611,두드러지다
2612,맥주
2613,모래
2614,살아남다
2615,살인
2616,성질
2617,신호
2618,아버님
2619,의심하다
2620,인
2621,잇따르다
2622,자랑하다
2623,자판
2624,적용
2625,전기
2626,중반
2627,지시하다
2628,출발
2629,허용하다
2630,가르침
2631,각국
2632,교과서
2633,그려지다
2634,꾸준히
2635,년도
2636,다수
2637,덕분
2638,돼지
2639,두드리다
2640,무리
2641,물음
2642,빌다
2643,수영
2644,스님
2645,썩다
2646,어머님
2647,엉뚱하다
2648,여보
2649,잊어버리다
2650,정면
2651,조각
2652,태우다
2653,해석
2654,가리다
2655,개국
2656,계산하다
2657,근원
2658,기차
2659,담그다
2660,마음대로
2661,며느리
2662,믿음
2663,발견
2664,보고
2665,부탁하다
2666,사용자
2667,사회주의
2668,설치되다
2669,수도권
2670,식탁
2671,실패하다
2672,영원하다
2673,우연히
2674,자극
2675,정해지다
2676,직접
2677,짚다
2678,총리
2679,칭찬
2680,튼튼하다
2681,햇빛
2682,공원
2683,긍정적
2684,논의하다
2685,대출
2686,덕
2687,돌보다
2688,뒤집다
2689,먼지
2690,바닷가
2691,바치다
2692,반하다
2693,발표되다
2694,부정하다
2695,불러일으키다
2696,사원
2697,소유자
2698,씹다
2699,아무튼
2700,안되다
2701,액수
2702,왠지
2703,욕심
2704,우승
2705,익다
2706,제출하다
2707,조심스럽다
2708,직전
2709,짐작하다
2710,택하다
2711,터
2712,피시
2713,흘러나오다
2714,가구
2715,간단히
2716,강물
2717,거꾸로
2718,궁극적
2719,극히
2720,기여하다
2721,꼭
2722,날짜
2723,대륙
2724,되게
2725,뒤따르다
2726,리듬
2727,모니터
2728,범인
2729,변동
2730,불가피하다
2731,삶다
2732,샌드위치
2733,서류
2734,손해
2735,숨지다
2736,아유
2737,요청
2738,운
2739,일상생활
2740,자존심
2741,주저앉다
2742,증권사
2743,진하다
2744,초원
2745,최종
2746,회복하다
2747,흘러가다
2748,흥미
2749,검사
2750,그쪽
2751,꾸다
2752,내려다보다
2753,눈썹
2754,대신하다
2755,두렵다
2756,등장
2757,디자인
2758,마디
2759,미처
2760,비닐
2761,비율
2762,생물
2763,소음
2764,양국
2765,얼핏
2766,오래되다
2767,웬
2768,조각
2769,중부
2770,차
2771,채소
2772,침
2773,털
2774,판매하다
2775,항의
2776,해당
2777,확보
2778,환경오염
2779,가치관
2780,검은색
2781,고생하다
2782,기원전
2783,기타
2784,긴급
2785,꺾다
2786,꿈꾸다
2787,무려
2788,묻히다
2789,수표
2790,실태
2791,아쉽다
2792,애정
2793,얘
2794,어머
2795,여보세요
2796,일정
2797,장르
2798,저렇다
2799,접하다
2800,정성
2801,제약
2802,쫓다
2803,천
2804,추가
2805,테이프
2806,품
2807,해석
2808,확인되다
2809,가하다
2810,간장
2811,강의
2812,거
2813,고민하다
2814,과
2815,교환
2816,국어
2817,노랗다
2818,다치다
2819,동양
2820,동포
2821,뚫다
2822,상
2823,새
2824,악기
2825,연말
2826,올려놓다
2827,외면하다
2828,원고
2829,정말
2830,줄곧
2831,지출
2832,차
2833,치우다
2834,피로
2835,향
2836,개선하다
2837,계좌
2838,당기다
2839,도
2840,들다
2841,따르다
2842,말기
2843,말없이
2844,망하다
2845,문서
2846,박수
2847,부자
2848,사흘
2849,서쪽
2850,성립되다
2851,손자
2852,신랑
2853,실습
2854,일찍이
2855,자율
2856,제법
2857,집중되다
2858,창조적
2859,천장
2860,파다
2861,하긴
2862,해결되다
2863,향상
2864,화가
2865,가라앉다
2866,감싸다
2867,고작
2868,구경하다
2869,국물
2870,기구
2871,깔다
2872,다짐하다
2873,대합실
2874,매장
2875,멀어지다
2876,명칭
2877,불쌍하다
2878,상업
2879,생산되다
2880,숨기다
2881,실력
2882,야채
2883,엉덩이
2884,울음
2885,이달
2886,인체
2887,저고리
2888,전부
2889,즐거움
2890,지다
2891,진단
2892,질병
2893,짜다
2894,체력
2895,친하다
2896,헤아리다
2897,각기
2898,경찰서
2899,곧바로
2900,관찰
2901,구두
2902,군사
2903,귀신
2904,귀하다
2905,그토록
2906,기초하다
2907,깊이
2908,나뭇가지
2909,낫다
2910,답하다
2911,대가
2912,더위
2913,되찾다
2914,말리다
2915,무덤
2916,물결
2917,밥상
2918,보장하다
2919,사과
2920,사귀다
2921,서너
2922,솟다
2923,실패
2924,예상하다
2925,예외
2926,완전
2927,웃기다
2928,유리
2929,절대적
2930,제작하다
2931,쥐
2932,최대한
2933,턱
2934,팔리다
2935,품다
2936,하하
2937,형부
2938,휴식
2939,굳다
2940,굳어지다
2941,굶다
2942,금년
2943,기기
2944,까맣다
2945,나침반
2946,농부
2947,대학원
2948,더럽다
2949,도달하다
2950,뒤늦다
2951,뒤지다
2952,등록
2953,디스크
2954,맛보다
2955,무늬
2956,문장
2957,묻다
2958,변호사
2959,상
2960,상상력
2961,여학생
2962,영업
2963,예
2964,예방
2965,완성
2966,유리하다
2967,자연환경
2968,증명하다
2969,지적되다
2970,지점
2971,철저히
2972,코스
2973,학부모
2974,합리적
2975,해석하다
2976,힘쓰다
2977,거듭
2978,귀국하다
2979,기뻐하다
2980,날리다
2981,내려놓다
2982,냉장고
2983,당근
2984,덜다
2985,뛰어넘다
2986,마누라
2987,맞이하다
2988,불행하다
2989,신고하다
2990,연속
2991,외롭다
2992,욕
2993,원장
2994,유물
2995,저절로
2996,절
2997,정비
2998,주의
2999,지난번
3000,집어넣다
3001,통계
3002,파일
3003,판
3004,피해자
3005,필수적
3006,학용품
3007,화분
3008,환하다
3009,갈색
3010,감기
3011,강남
3012,구속되다
3013,돌아다니다
3014,등등
3015,멋지다
3016,반발
3017,반찬
3018,방지
3019,배다
3020,보장
3021,빠져나오다
3022,새다
3023,소개되다
3024,씨
3025,안쪽
3026,억울하다
3027,오가다
3028,요구되다
3029,음성
3030,이윽고
3031,장식
3032,전개하다
3033,전날
3034,전반적
3035,척하다
3036,풍습
3037,한가운데
3038,한정되다
3039,해내다
3040,흉내
3041,감옥
3042,갚다
3043,건전하다
3044,결혼식
3045,계산기
3046,광장
3047,그렇지
3048,깨다
3049,꽉
3050,끼우다
3051,노래하다
3052,다듬다
3053,다름없다
3054,당당하다
3055,댐
3056,덩어리
3057,두뇌
3058,등
3059,모처럼
3060,물리학
3061,벌
3062,부정적
3063,북부
3064,분리
3065,상당
3066,세다
3067,소개
3068,수화기
3069,애인
3070,애초
3071,얇다
3072,양념
3073,에
3074,오염되다
3075,오해
3076,웬일
3077,의식
3078,의지하다
3079,일기
3080,절대
3081,제한하다
3082,존중하다
3083,창고
3084,채
3085,책임지다
3086,청춘
3087,초반
3088,트럭
3089,파
3090,폭넓다
3091,표현되다
3092,학번
3093,학원
3094,허가
3095,헤매다
3096,가장
3097,곡
3098,곡식
3099,꽂다
3100,두려움
3101,망설이다
3102,무리
3103,버터
3104,별다르다
3105,보편적
3106,부품
3107,뻔하다
3108,뽑히다
3109,상담
3110,서부
3111,속담
3112,시중
3113,심사
3114,아이
3115,앞세우다
3116,유사하다
3117,유치원
3118,의욕
3119,인근
3120,일반인
3121,작성하다
3122,전공
3123,정기
3124,제의
3125,종일
3126,좋아지다
3127,차림
3128,창조하다
3129,추위
3130,토마토
3131,파랗다
3132,펴내다
3133,하드웨어
3134,화장
3135,가져가다
3136,감자
3137,강렬하다
3138,갖다
3139,괴롭다
3140,교통사고
3141,군데
3142,내일
3143,되풀이하다
3144,딱
3145,리
3146,메시지
3147,면하다
3148,모색하다
3149,붙잡다
3150,빛깔
3151,뺨
3152,사방
3153,살림
3154,실현
3155,아냐
3156,연예인
3157,영원히
3158,월급
3159,유행
3160,이내
3161,이리
3162,제발
3163,차츰
3164,투표
3165,파괴하다
3166,하느님
3167,해당되다
3168,홀로
3169,가까이
3170,가득하다
3171,각자
3172,감히
3173,강요하다
3174,개미
3175,관습
3176,광경
3177,금세
3178,낮추다
3179,내주다
3180,명의
3181,물고기
3182,물러나다
3183,밀접하다
3184,부탁
3185,분량
3186,불과
3187,뻔하다
3188,상자
3189,새해
3190,소박하다
3191,수없이
3192,승진
3193,양
3194,얼음
3195,열매
3196,적히다
3197,점수
3198,제한되다
3199,지속되다
3200,쫓기다
3201,쭉
3202,통장
3203,평가되다
3204,하도
3205,한창
3206,해안
3207,호박
3208,흑인
3209,간
3210,갇히다
3211,결심하다
3212,경기장
3213,고장
3214,근로
3215,눈동자
3216,늦다
3217,닥치다
3218,도시락
3219,뜯다
3220,몸짓
3221,부담하다
3222,부회장
3223,빼앗다
3224,삼키다
3225,성실하다
3226,스튜디오
3227,실제
3228,요새
3229,이상적
3230,일쑤
3231,일체
3232,자꾸만
3233,잦다
3234,절망
3235,접다
3236,제시되다
3237,주방
3238,진출하다
3239,짜증
3240,첫날
3241,통과하다
3242,투명하다
3243,확산되다
3244,경력
3245,고통스럽다
3246,곤란하다
3247,공중
3248,공해
3249,귀찮다
3250,기대다
3251,깨어나다
3252,꼽히다
3253,대다수
3254,듯싶다
3255,먹이
3256,무
3257,무료
3258,밉다
3259,발레
3260,상징하다
3261,실현하다
3262,아깝다
3263,안정되다
3264,어리석다
3265,엎드리다
3266,여럿
3267,연설
3268,연필
3269,염려
3270,우습다
3271,운전
3272,익숙하다
3273,일자
3274,잔치
3275,전달되다
3276,전부
3277,차다
3278,치료하다
3279,칸
3280,한
3281,갈수록
3282,갖가지
3283,거절하다
3284,관광객
3285,구별하다
3286,국
3287,다행
3288,동의
3289,마무리
3290,마주치다
3291,막상
3292,몇
3293,몸통
3294,못
3295,묘사하다
3296,미술관
3297,베다
3298,보장되다
3299,볼
3300,부분적
3301,불고기
3302,불리다
3303,불행
3304,비명
3305,순수
3306,시각
3307,실질적
3308,안개
3309,여름철
3310,오로지
3311,완성하다
3312,이런저런
3313,임무
3314,자연히
3315,장난
3316,저런
3317,전용
3318,지극히
3319,청하다
3320,확정
3321,가상
3322,각자
3323,간혹
3324,개방하다
3325,관계되다
3326,국산
3327,그해
3328,꺼지다
3329,꼭대기
3330,끊어지다
3331,도
3332,리그
3333,마이크
3334,만족하다
3335,메우다
3336,면적
3337,목욕
3338,반성
3339,벌떡
3340,보상
3341,분리되다
3342,빚
3343,새기다
3344,서민
3345,석
3346,선정하다
3347,세다
3348,소수
3349,쇼
3350,수학
3351,시어머니
3352,시집
3353,연간
3354,영화제
3355,예측하다
3356,용도
3357,의심
3358,이동하다
3359,자극하다
3360,재빨리
3361,적합하다
3362,전화번호
3363,조절하다
3364,조정
3365,중얼거리다
3366,지급하다
3367,확장
3368,힘차다
3369,감사하다
3370,건조
3371,고요하다
3372,그대
3373,그립다
3374,긋다
3375,기둥
3376,긴장하다
3377,날카롭다
3378,논하다
3379,느리다
3380,도덕
3381,동부
3382,뒷모습
3383,똑똑하다
3384,만
3385,만만하다
3386,못되다
3387,보고하다
3388,사무소
3389,사촌
3390,상
3391,상인
3392,선언하다
3393,소원
3394,수입하다
3395,식다
3396,엿보다
3397,완성되다
3398,유적
3399,일생
3400,입히다
3401,잡아먹다
3402,정보화
3403,종종
3404,지갑
3405,차다
3406,창작
3407,축소
3408,취향
3409,친절하다
3410,카운터
3411,탄생하다
3412,하숙집
3413,학급
3414,해군
3415,효율적
3416,가슴속
3417,간
3418,간판
3419,건드리다
3420,관리하다
3421,괴로움
3422,근거하다
3423,금액
3424,다행히
3425,달래다
3426,동아리
3427,따라오다
3428,말리다
3429,맘
3430,먹다
3431,명절
3432,못하다
3433,바이올린
3434,밝혀내다
3435,부서지다
3436,비행
3437,상관없다
3438,성립하다
3439,수명
3440,시즌
3441,신기하다
3442,업다
3443,예감
3444,음식물
3445,자신감
3446,죄인
3447,주의하다
3448,준비물
3449,천
3450,출입
3451,쾌감
3452,탄생
3453,튀다
3454,하필
3455,활용
3456,회색
3457,거액
3458,고교
3459,고집하다
3460,곧잘
3461,골짜기
3462,교훈
3463,구르다
3464,글씨
3465,노래방
3466,단편
3467,달다
3468,대처하다
3469,매다
3470,머리카락
3471,명확하다
3472,발걸음
3473,발길
3474,벌레
3475,빼앗기다
3476,생산자
3477,선진
3478,성인
3479,소매
3480,시멘트
3481,신규
3482,신청하다
3483,실은
3484,심판
3485,안기다
3486,양심
3487,이사장
3488,이자
3489,익숙해지다
3490,자세하다
3491,저거
3492,저축
3493,제비
3494,제안
3495,제안하다
3496,증세
3497,지난날
3498,진급
3499,콩나물
3500,튀어나오다
3501,표준
3502,항구
3503,허용
3504,헬기
3505,간신히
3506,갈아입다
3507,감다
3508,같이하다
3509,거짓
3510,거품
3511,걸어오다
3512,공군
3513,기술자
3514,나물
3515,달리기
3516,대도시
3517,도둑
3518,도전
3519,면
3520,모자
3521,보조
3522,불리하다
3523,불편
3524,비비다
3525,사과
3526,살아나다
3527,소파
3528,속이다
3529,수면
3530,수천
3531,스무
3532,승부
3533,시기
3534,신념
3535,신입생
3536,어린아이
3537,어쩐지
3538,여간
3539,역
3540,연락하다
3541,영향력
3542,예의
3543,이내
3544,이리저리
3545,인간적
3546,인사하다
3547,임금
3548,잘나다
3549,재능
3550,지불하다
3551,파출소
3552,판
3553,한문
3554,건네주다
3555,결승
3556,공공
3557,교양
3558,국왕
3559,규칙적
3560,극복
3561,글쎄요
3562,내려지다
3563,냉동
3564,녹다
3565,대개
3566,년생
3567,배추
3568,센터
3569,수염
3570,수집하다
3571,승객
3572,싱싱하다
3573,아아
3574,어리다
3575,여권
3576,열쇠
3577,오렌지
3578,외모
3579,인공
3580,잠자리
3581,장남
3582,저마다
3583,전국적
3584,전반
3585,제자리
3586,지루하다
3587,척
3588,포도주
3589,학술
3590,혈액
3591,화살
3592,화재
3593,가르다
3594,각각
3595,간격
3596,고함
3597,공격하다
3598,그놈
3599,기록되다
3600,끝없다
3601,끼어들다
3602,노선
3603,답
3604,대사
3605,도망치다
3606,독서
3607,동
3608,동의하다
3609,딱딱하다
3610,땅속
3611,벌금
3612,복
3613,봉사
3614,부서
3615,성
3616,소형
3617,신인
3618,악몽
3619,안내
3620,앞뒤
3621,언덕
3622,열정
3623,오페라
3624,입맛
3625,재즈
3626,적응하다
3627,절대
3628,접시
3629,제공
3630,지나치다
3631,참가
3632,체중
3633,추석
3634,충돌
3635,통로
3636,포장
3637,해소
3638,행해지다
3639,현관
3640,현대인
3641,혜택
3642,호수
3643,확
3644,건너가다
3645,골고루
3646,구석구석
3647,그제서야
3648,녹색
3649,다
3650,등록증
3651,막내
3652,반복되다
3653,발전
3654,방해
3655,번호
3656,벼
3657,본인
3658,상점
3659,수백
3660,실장
3661,쓸쓸하다
3662,악수
3663,애
3664,어지럽다
3665,어찌하다
3666,예정되다
3667,이중
3668,인원
3669,인정받다
3670,인터뷰
3671,입학하다
3672,자랑
3673,저것
3674,정문
3675,착각
3676,창
3677,친정
3678,켜지다
3679,타입
3680,팩
3681,표시하다
3682,행하다
3683,활짝
3684,감상하다
3685,개별
3686,공식적
3687,그런대로
3688,기독교
3689,깨달음
3690,끼다
3691,넘어지다
3692,눈부시다
3693,단점
3694,들려주다
3695,뚜껑
3696,마음먹다
3697,목록
3698,반복하다
3699,반성하다
3700,별명
3701,보전
3702,불어오다
3703,소유하다
3704,수박
3705,스위치
3706,신세
3707,아까
3708,알아내다
3709,암
3710,야단
3711,얘
3712,엔
3713,연결
3714,연관
3715,용서하다
3716,우정
3717,육군
3718,음식점
3719,의논하다
3720,인분
3721,주요하다
3722,죽
3723,차마
3724,참조
3725,첫째
3726,타고나다
3727,태우다
3728,행사
3729,향수
3730,허용되다
3731,가입
3732,가정
3733,과자
3734,교체
3735,김
3736,꼬마
3737,끝없이
3738,나르다
3739,놀리다
3740,늘어놓다
3741,닫히다
3742,대표하다
3743,대학교
3744,도로
3745,돼지고기
3746,두려워하다
3747,뜻밖
3748,막걸리
3749,맡다
3750,미스
3751,밀리다
3752,밥그릇
3753,방문
3754,병들다
3755,부러지다
3756,불꽃
3757,상대성
3758,설문
3759,소설가
3760,쓸다
3761,안녕히
3762,안팎
3763,예방하다
3764,올
3765,유의하다
3766,유학
3767,이해되다
3768,인하
3769,작성
3770,잘리다
3771,전달
3772,전시회
3773,전화하다
3774,전환하다
3775,정치학
3776,좌석
3777,주문
3778,집안일
3779,체계적
3780,출근
3781,크림
3782,탁월하다
3783,텅
3784,토하다
3785,푹
3786,한순간
3787,가사
3788,가입자
3789,감소하다
3790,개구리
3791,결과적
3792,괴롭히다
3793,구별
3794,깨우다
3795,끈
3796,끊기다
3797,끊임없다
3798,넉넉하다
3799,동전
3800,두어
3801,마약
3802,밑바닥
3803,보도되다
3804,보리
3805,본부
3806,부
3807,성숙하다
3808,소극적
3809,소용
3810,손질하다
3811,수건
3812,순식간
3813,시도
3814,시집
3815,아무개
3816,약점
3817,양복
3818,어째서
3819,어쩌다
3820,얼다
3821,여
3822,연령
3823,예비
3824,울음소리
3825,이놈
3826,이력서
3827,인정되다
3828,잠자다
3829,젓가락
3830,주년
3831,중단하다
3832,중대하다
3833,중심지
3834,집중적
3835,참되다
3836,초청
3837,출판사
3838,탁자
3839,토끼
3840,퍽
3841,풍속
3842,피아노
3843,핑계
3844,한층
3845,행운
3846,가로막다
3847,간섭
3848,갈증
3849,갑작스럽다
3850,교환하다
3851,그래야
3852,기원
3853,길가
3854,난리
3855,남매
3856,내버리다
3857,달리하다
3858,뛰어가다
3859,미사일
3860,발가락
3861,보존
3862,보호되다
3863,뵙다
3864,부치다
3865,상관
3866,설명되다
3867,섭섭하다
3868,세
3869,세련되다
3870,손쉽다
3871,안주
3872,어린애
3873,열기
3874,옷차림
3875,위로하다
3876,이같이
3877,인형
3878,일치
3879,재생
3880,전철
3881,찢어지다
3882,철학자
3883,축하하다
3884,컬러
3885,통화
3886,특이하다
3887,필연적
3888,하룻밤
3889,흘러내리다
3890,가짜
3891,강도
3892,곰
3893,급히
3894,기념
3895,나아지다
3896,넘어오다
3897,되돌리다
3898,띄우다
3899,매너
3900,민속
3901,버려지다
3902,빗물
3903,사위
3904,설날
3905,설득하다
3906,손질
3907,손톱
3908,식빵
3909,아르바이트
3910,외로움
3911,외우다
3912,운전자
3913,유리창
3914,입대
3915,적성
3916,전망하다
3917,집단적
3918,차이점
3919,찬물
3920,철도
3921,총각
3922,캠페인
3923,태풍
3924,한눈
3925,햇볕
3926,홍수
3927,가뭄
3928,간접
3929,강력히
3930,개선되다
3931,건네다
3932,게
3933,결심
3934,곧장
3935,교직
3936,구속하다
3937,귀중하다
3938,긁다
3939,금지하다
3940,기사
3941,기숙사
3942,나뭇잎
3943,내쉬다
3944,넓어지다
3945,늘어지다
3946,단독
3947,마당
3948,마음껏
3949,몰려들다
3950,미팅
3951,바
3952,바퀴
3953,발자국
3954,뱉다
3955,벌어지다
3956,보너스
3957,산책
3958,생기
3959,서적
3960,소화
3961,수험생
3962,시끄럽다
3963,신세대
3964,안기다
3965,어기다
3966,어때
3967,엘리베이터
3968,연구원
3969,연애
3970,연휴
3971,요약하다
3972,운동하다
3973,월요일
3974,위성
3975,의외로
3976,이모
3977,자살
3978,제시
3979,제외되다
3980,조카
3981,주소
3982,찍히다
3983,철
3984,취직
3985,타락
3986,통화
3987,틀림없이
3988,파티
3989,회관
3990,계획하다
3991,공연장
3992,국적
3993,근래
3994,나뉘다
3995,낱말
3996,내외
3997,냄비
3998,늑대
3999,늘어서다
4000,다정하다
4001,달다
4002,달려들다
4003,망원경
4004,모범
4005,무리하다
4006,묶이다
4007,방해하다
4008,뱀
4009,벌
4010,뵈다
4011,상류
4012,석
4013,선명하다
4014,선호하다
4015,성공적
4016,소규모
4017,수시로
4018,시야
4019,실현되다
4020,아니야
4021,어느덧
4022,오르내리다
4023,왕자
4024,우수하다
4025,유명
4026,유형
4027,으레
4028,일상적
4029,일일이
4030,전공하다
4031,전후
4032,정상
4033,정상적
4034,질적
4035,척
4036,철
4037,청소하다
4038,충격적
4039,치아
4040,판
4041,편의
4042,폐지
4043,해설
4044,헌
4045,흑백
4046,희생
4047,가까워지다
4048,감사하다
4049,강도
4050,경비
4051,경제력
4052,금하다
4053,기대되다
4054,깊숙이
4055,꿀
4056,넘어뜨리다
4057,농사짓다
4058,단단하다
4059,담당자
4060,답변
4061,대비
4062,대체
4063,더욱더
4064,도심
4065,된장
4066,둘러싸이다
4067,등산
4068,마찰
4069,마크
4070,만족
4071,망치다
4072,메뉴
4073,모금
4074,묘사
4075,문화적
4076,묻히다
4077,미혼
4078,발전되다
4079,방송사
4080,방지하다
4081,사표
4082,삼가다
4083,생방송
4084,셋째
4085,소홀히
4086,손발
4087,쌍둥이
4088,안내하다
4089,앉히다
4090,영하
4091,옆구리
4092,외교관
4093,외국어
4094,웬만하다
4095,유행하다
4096,으응
4097,이어서
4098,자장면
4099,자정
4100,종합하다
4101,중학생
4102,짜다
4103,참
4104,채
4105,최후
4106,취재
4107,치다
4108,테러
4109,토론회
4110,한잔
4111,호주머니
4112,휴일
4113,가난
4114,가죽
4115,관계없이
4116,군
4117,기다
4118,다툼
4119,달력
4120,대
4121,대낮
4122,데려가다
4123,도자기
4124,돌멩이
4125,되돌아오다
4126,두께
4127,뒤쪽
4128,모조리
4129,변경
4130,부지런히
4131,사슴
4132,삼촌
4133,상당수
4134,소풍
4135,속옷
4136,손목
4137,손실
4138,슬쩍
4139,시나리오
4140,신문지
4141,실컷
4142,양보하다
4143,엔진
4144,용
4145,운행
4146,이대로
4147,인간성
4148,인상적
4149,자라나다
4150,전시
4151,조그마하다
4152,주차장
4153,주한
4154,중년
4155,지다
4156,찌꺼기
4157,춤추다
4158,테니스
4159,파리
4160,포스터
4161,포함
4162,형식적
4163,호남
4164,후회하다
4165,가이드
4166,가입하다
4167,감소
4168,고르다
4169,고속도로
4170,공책
4171,구분되다
4172,구입
4173,기여
4174,기호
4175,꾸리다
4176,낭비
4177,내외
4178,대략
4179,덮이다
4180,도리어
4181,똑바로
4182,라인
4183,렌즈
4184,멋있다
4185,멸치
4186,바람
4187,발목
4188,밤늦다
4189,방울
4190,배
4191,벌
4192,보관
4193,보살피다
4194,보완하다
4195,보존하다
4196,빨다
4197,빼놓다
4198,사상
4199,사춘기
4200,상반기
4201,서점
4202,선전
4203,설립하다
4204,수집
4205,수필
4206,신기하다
4207,신비
4208,신설
4209,실감
4210,실망
4211,쓰다듬다
4212,알루미늄
4213,알아주다
4214,양말
4215,여우
4216,와
4217,외출
4218,용기
4219,웨이터
4220,유발하다
4221,유지되다
4222,자가용
4223,잡아당기다
4224,점검
4225,정말
4226,정원
4227,조기
4228,존경하다
4229,종
4230,종소리
4231,중순
4232,지각
4233,직선
4234,참외
4235,체하다
4236,체험하다
4237,초대하다
4238,총
4239,칭찬하다
4240,코치
4241,통일하다
4242,패션
4243,프린터
4244,피디
4245,하나하나
4246,학위
4247,회의
4248,가로등
4249,감
4250,개개인
4251,걷다
4252,고집
4253,금
4254,급격히
4255,기능
4256,기막히다
4257,나누어지다
4258,낙엽
4259,넘겨주다
4260,논리적
4261,다가서다
4262,대기하다
4263,대접
4264,동창
4265,두리번거리다
4266,말다
4267,맞은편
4268,멋
4269,면
4270,박
4271,밤하늘
4272,변명
4273,보자기
4274,부상
4275,분리하다
4276,붙들다
4277,사들이다
4278,상관없이
4279,새우
4280,선원
4281,설사
4282,실망하다
4283,심해지다
4284,씨름
4285,아쉬움
4286,앞길
4287,약해지다
4288,어젯밤
4289,엉망
4290,여관
4291,여쭈다
4292,연습하다
4293,연출하다
4294,열중하다
4295,영웅
4296,오
4297,유산
4298,의도적
4299,이따금
4300,임신부
4301,장기적
4302,재주
4303,전설
4304,절
4305,젖
4306,조르다
4307,주문하다
4308,주사
4309,지겹다
4310,짐작
4311,쫓겨나다
4312,찢다
4313,채널
4314,출근하다
4315,취소하다
4316,취업
4317,칠하다
4318,타오르다
4319,탁
4320,판
4321,평
4322,평화롭다
4323,표시
4324,표시
4325,하반기
4326,한구석
4327,한하다
4328,해답
4329,해소하다
4330,허락하다
4331,확립하다
4332,확신하다
4333,흥분
4334,흥분하다
4335,힘겹다
4336,감수성
4337,거들다
4338,건너편
4339,경치
4340,급속히
4341,급증하다
4342,깔끔하다
4343,꼼꼼하다
4344,낮아지다
4345,단순
4346,대사
4347,두세
4348,때
4349,매
4350,먹고살다
4351,멎다
4352,면담
4353,모집
4354,모퉁이
4355,바구니
4356,바싹
4357,발달되다
4358,발음
4359,방울
4360,보름
4361,봉지
4362,부딪히다
4363,비상
4364,비서
4365,뿌리치다
4366,사업자
4367,상대편
4368,세트
4369,소망
4370,수동적
4371,술잔
4372,슬그머니
4373,시장
4374,시청률
4375,신문사
4376,여군
4377,연인
4378,연장
4379,열흘
4380,예선
4381,옥수수
4382,원
4383,은행나무
4384,이웃집
4385,자부심
4386,장차
4387,재미없다
4388,저편
4389,정신과
4390,제도적
4391,조절
4392,주거
4393,주스
4394,준비되다
4395,중단되다
4396,중요시하다
4397,지점
4398,진단하다
4399,콜라
4400,타다
4401,편견
4402,플라스틱
4403,환율
4404,활기
4405,강사
4406,강수량
4407,교대
4408,구청
4409,국내외
4410,금지되다
4411,기도하다
4412,기성
4413,깨뜨리다
4414,꼼짝
4415,남학생
4416,농사일
4417,농장
4418,데이트
4419,되돌아가다
4420,두부
4421,들이켜다
4422,따라다니다
4423,라운드
4424,마음가짐
4425,머리칼
4426,모
4427,바퀴
4428,번개
4429,변화되다
4430,부러워하다
4431,부재
4432,사망
4433,생
4434,서늘하다
4435,성경
4436,소요되다
4437,소화하다
4438,순간적
4439,시집가다
4440,시청
4441,싶어지다
4442,씌우다
4443,야간
4444,엇갈리다
4445,엷다
4446,오락
4447,오른손
4448,우아하다
4449,이것저것
4450,이슬
4451,인간관계
4452,장기간
4453,저자
4454,전선
4455,정지
4456,제의하다
4457,조명
4458,조화되다
4459,줄거리
4460,중단
4461,차선
4462,착각하다
4463,초상화
4464,출장
4465,쿠데타
4466,퇴근
4467,특수성
4468,항공기
4469,활발히
4470,회화
4471,흥미롭다
4472,가져다주다
4473,각오
4474,개방되다
4475,겨자
4476,경고하다
4477,경제학
4478,골프
4479,관심사
4480,구별되다
4481,국사
4482,굳히다
4483,귀국
4484,그간
4485,그럴듯하다
4486,극작가
4487,기
4488,기울다
4489,기적
4490,끌리다
4491,내보내다
4492,담
4493,동서
4494,들여놓다
4495,따스하다
4496,말투
4497,명령어
4498,목욕탕
4499,미끄러지다
4500,바닷물
4501,변신
4502,부친
4503,붙잡히다
4504,브랜드
4505,빨다
4506,사무
4507,사소하다
4508,상
4509,상쾌하다
4510,성
4511,손길
4512,순위
4513,식사하다
4514,쌍
4515,썰렁하다
4516,암시
4517,앞날
4518,역사상
4519,연주
4520,우울하다
4521,우체국
4522,울리다
4523,육상
4524,음주
4525,이별
4526,인재
4527,인종
4528,일시적
4529,재밌다
4530,전문적
4531,젊음
4532,점잖다
4533,조개
4534,주무시다
4535,중계방송
4536,중독
4537,지급
4538,진실하다
4539,차창
4540,초청하다
4541,출발점
4542,출판
4543,출현하다
4544,클럽
4545,키스
4546,탈출하다
4547,판사
4548,허락
4549,확신
4550,흐리다
4551,걱정스럽다
4552,건설되다
4553,고개
4554,고프다
4555,그제야
4556,금연
4557,기성세대
4558,기술하다
4559,까치
4560,꿈속
4561,나비
4562,남북
4563,납득하다
4564,단
4565,대사관
4566,독창적
4567,되풀이되다
4568,떠나가다
4569,떠들썩하다
4570,뜻대로
4571,레스토랑
4572,로봇
4573,만점
4574,매달
4575,모여들다
4576,묵다
4577,바깥쪽
4578,배고프다
4579,버섯
4580,보수
4581,보안
4582,뵈다
4583,부
4584,비웃다
4585,비키다
4586,사나이
4587,사모님
4588,삼
4589,상징적
4590,색다르다
4591,세미나
4592,세제
4593,속삭이다
4594,시일
4595,시합
4596,신속하다
4597,신제품
4598,신중하다
4599,썩
4600,암컷
4601,여행하다
4602,예고하다
4603,위반하다
4604,윗몸
4605,은은하다
4606,이해관계
4607,익히다
4608,일대
4609,입력
4610,자연현상
4611,정류장
4612,정신없이
4613,정직하다
4614,조정하다
4615,주름
4616,중요
4617,챔피언
4618,최신
4619,축하
4620,취소
4621,캐릭터
4622,커튼
4623,팬
4624,해롭다
4625,현관문
4626,활발해지다
4627,회복되다
4628,희생하다
4629,가능해지다
4630,겨울철
4631,고추장
4632,골프장
4633,공연히
4634,과정
4635,국수
4636,국제적
4637,그루
4638,그전
4639,금고
4640,꾸중
4641,끌어당기다
4642,끼
4643,능동적
4644,달빛
4645,당분간
4646,도움말
4647,되살리다
4648,뒷산
4649,땜
4650,만족하다
4651,맵다
4652,메다
4653,몰려오다
4654,물질적
4655,미인
4656,믿어지다
4657,반죽
4658,반지
4659,밤
4660,배치
4661,백인
4662,본
4663,본사
4664,부르다
4665,불평등하다
4666,비타민
4667,빌딩
4668,빠뜨리다
4669,산속
4670,새로이
4671,서양인
4672,소지품
4673,송이
4674,쇠
4675,수컷
4676,승리하다
4677,식초
4678,심부름
4679,씨앗
4680,야외
4681,얻어먹다
4682,엄숙하다
4683,여가
4684,여동생
4685,연상하다
4686,옆집
4687,오래간만
4688,오래도록
4689,올려다보다
4690,외다
4691,외침
4692,이빨
4693,이해
4694,일손
4695,잠바
4696,잠수함
4697,장수
4698,장학금
4699,재다
4700,점심시간
4701,지도하다
4702,지적
4703,진로
4704,진행자
4705,쪽
4706,찾아다니다
4707,책임감
4708,체온
4709,초밥
4710,출구
4711,출입문
4712,통과
4713,포장마차
4714,푸다
4715,풀
4716,피망
4717,필름
4718,한결
4719,한여름
4720,항공
4721,호선
4722,회전
4723,휴지
4724,가려지다
4725,가위
4726,고속
4727,곧다
4728,골치
4729,구하다
4730,그때그때
4731,내달
4732,넷째
4733,놔두다
4734,늦어지다
4735,도망가다
4736,독하다
4737,땅콩
4738,뜰
4739,뜻밖에
4740,만
4741,명단
4742,무의미하다
4743,문구
4744,뭣
4745,미만
4746,백색
4747,비바람
4748,사기
4749,사망하다
4750,사무직
4751,소질
4752,솜
4753,시디롬
4754,식생활
4755,신호등
4756,신혼여행
4757,실
4758,씩씩하다
4759,연구실
4760,월드컵
4761,유머
4762,의류
4763,입원
4764,잊혀지다
4765,잘살다
4766,장가
4767,적응
4768,정리되다
4769,조
4770,졸업생
4771,죽다
4772,창피하다
4773,친절
4774,침실
4775,태권도
4776,토론하다
4777,하나하나
4778,합하다
4779,핸드백
4780,햄버거
4781,가정교사
4782,감사
4783,공통적
4784,교육자
4785,교재
4786,기타
4787,길어지다
4788,깨소금
4789,나빠지다
4790,남
4791,놓아두다
4792,대접하다
4793,두통
4794,뛰어내리다
4795,무궁화
4796,바이러스
4797,방바닥
4798,번거롭다
4799,사냥
4800,사회생활
4801,설거지
4802,수년
4803,수출하다
4804,숙소
4805,슈퍼마켓
4806,심리적
4807,연기
4808,위로
4809,이용자
4810,입력하다
4811,자격증
4812,진료
4813,창가
4814,초조하다
4815,타다
4816,한잔하다
4817,함께하다
4818,합격하다
4819,화장지
4820,힘껏
4821,가요
4822,감상
4823,공짜
4824,공통되다
4825,그만하다
4826,김
4827,나들이
4828,녹이다
4829,눈가
4830,도망
4831,동기
4832,모기
4833,미니
4834,방면
4835,법적
4836,벤치
4837,보수
4838,볼일
4839,부끄러움
4840,비누
4841,비행
4842,빗줄기
4843,사회학
4844,성적
4845,세수
4846,순진하다
4847,스웨터
4848,심심하다
4849,어려워지다
4850,여행사
4851,올라서다
4852,왼손
4853,유학생
4854,은
4855,자리
4856,잘생기다
4857,장애인
4858,재활용품
4859,저러다
4860,저리
4861,절약하다
4862,정반대
4863,조
4864,진동
4865,찌개
4866,추천
4867,학점
4868,한가하다
4869,합격
4870,환영하다
4871,간접적
4872,갈다
4873,경영하다
4874,그리움
4875,그사이
4876,기념하다
4877,기도
4878,길거리
4879,꽃잎
4880,넥타이
4881,대강
4882,독립하다
4883,돌려주다
4884,들이마시다
4885,뛰어오르다
4886,라이터
4887,매일
4888,문밖
4889,방송하다
4890,보충하다
4891,불완전하다
4892,불평
4893,붐비다
4894,생활환경
4895,서명
4896,손등
4897,역사학
4898,영
4899,오리
4900,요리사
4901,원
4902,원서
4903,월
4904,이론적
4905,이제야
4906,임신하다
4907,입원하다
4908,자취
4909,잠그다
4910,잡수시다
4911,장난감
4912,장례
4913,전기밥솥
4914,지금껏
4915,지름길
4916,지진
4917,참석자
4918,창구
4919,최저
4920,코미디
4921,튀기다
4922,필수
4923,하품
4924,한국말
4925,횟수
4926,흐리다
4927,가능
4928,값싸다
4929,계란
4930,교문
4931,권투
4932,긴장감
4933,김
4934,넷
4935,뒤편
4936,매달다
4937,매주
4938,문제되다
4939,받침
4940,북
4941,불이익
4942,불필요하다
4943,산부인과
4944,새우다
4945,서명하다
4946,수
4947,수고하다
4948,수학
4949,신부
4950,쓸데없다
4951,아뇨
4952,아래쪽
4953,아스팔트
4954,아하
4955,알코올
4956,액세서리
4957,에어컨
4958,염려하다
4959,오이
4960,외삼촌
4961,요
4962,웃음소리
4963,위쪽
4964,음료수
4965,인쇄
4966,잔디
4967,전세
4968,조깅
4969,초대
4970,치다
4971,캠퍼스
4972,터널
4973,통
4974,퇴직금
4975,환갑
4976,가만있다
4977,간편하다
4978,감동적
4979,건너오다
4980,관광지
4981,교복
4982,교포
4983,귀가하다
4984,날아다니다
4985,더더욱
4986,등록금
4987,뛰어다니다
4988,마음씨
4989,만
4990,메모
4991,몸매
4992,몸무게
4993,무관심
4994,반짝이다
4995,배달
4996,번역
4997,부인
4998,분주하다
4999,비닐봉지
5000,비판적
5001,뺏다
5002,사전
5003,서랍
5004,소나기
5005,소중히
5006,손잡이
5007,수도꼭지
5008,실례
5009,싸구려
5010,안녕
5011,안되다
5012,약국
5013,어찌나
5014,엉터리
5015,연하다
5016,원숭이
5017,위법
5018,육체적
5019,음력
5020,이혼
5021,일회용
5022,잔디밭
5023,저기
5024,전문직
5025,전화기
5026,제출
5027,지난주
5028,진달래
5029,쪽
5030,찌다
5031,차남
5032,채점
5033,침착하다
5034,캄캄하다
5035,타자기
5036,팬티
5037,편히
5038,포인트
5039,포크
5040,한밤중
5041,효도
5042,가구
5043,간호사
5044,개나리
5045,고등학생
5046,골목길
5047,관람객
5048,귀가
5049,그리워하다
5050,기억나다
5051,기침
5052,노랫소리
5053,다섯
5054,닭고기
5055,대학교수
5056,뒷문
5057,딸아이
5058,레몬
5059,만족스럽다
5060,미움
5061,바가지
5062,발끝
5063,배꼽
5064,병실
5065,봉사하다
5066,비행장
5067,사랑스럽다
5068,숟가락
5069,술병
5070,습기
5071,쓰이다
5072,엽서
5073,예보
5074,요일
5075,욕실
5076,용감하다
5077,운전기사
5078,위험성
5079,익다
5080,일
5081,장마
5082,재학
5083,저
5084,전기
5085,전시하다
5086,정기적
5087,종교적
5088,주관적
5089,직장인
5090,진심
5091,질문하다
5092,짧아지다
5093,찌다
5094,책가방
5095,천국
5096,치약
5097,큰절
5098,학과
5099,후회
5100,강조
5101,게시판
5102,공통점
5103,과외
5104,교내
5105,구
5106,금요일
5107,김밥
5108,내적
5109,놀이터
5110,다녀가다
5111,답장
5112,때때로
5113,뜨다
5114,마라톤
5115,매스컴
5116,무
5117,묵다
5118,바나나
5119,발등
5120,밤새
5121,별일
5122,보내오다
5123,부채
5124,불법
5125,블라우스
5126,사업가
5127,사이좋다
5128,세상에
5129,수고
5130,수요일
5131,슬퍼하다
5132,시금치
5133,신청서
5134,쓰레기통
5135,아랫사람
5136,앞쪽
5137,앨범
5138,양
5139,여전하다
5140,영남
5141,옥상
5142,왼발
5143,운전하다
5144,위
5145,일기
5146,일자리
5147,자매
5148,저번
5149,전시장
5150,절약
5151,정답
5152,정오
5153,제대하다
5154,졸다
5155,즉석
5156,지방
5157,차차
5158,추측
5159,충고
5160,코피
5161,턱
5162,팩시밀리
5163,한낮
5164,할인
5165,가득히
5166,간호
5167,갑
5168,건너
5169,걷다
5170,겁나다
5171,고구마
5172,국기
5173,금메달
5174,노트
5175,눈감다
5176,눈뜨다
5177,대입
5178,대화하다
5179,도마
5180,동화책
5181,딸기
5182,땅바닥
5183,모집하다
5184,미워하다
5185,밤색
5186,밥맛
5187,배우자
5188,복사
5189,볶음밥
5190,성별
5191,세탁
5192,소문나다
5193,소용없다
5194,속상하다
5195,손수건
5196,송아지
5197,수돗물
5198,수만
5199,수입되다
5200,수입품
5201,술자리
5202,식기
5203,싼값
5204,안
5205,안부
5206,양주
5207,어린이날
5208,영화배우
5209,오른발
5210,용서
5211,우편
5212,이사하다
5213,일등
5214,작아지다
5215,정장
5216,좁히다
5217,좋아
5218,죽
5219,줄무늬
5220,지워지다
5221,지저분하다
5222,진통
5223,찬성하다
5224,참석
5225,초콜릿
5226,최고급
5227,최상
5228,최악
5229,출국
5230,친해지다
5231,코끝
5232,터미널
5233,피자
5234,한국적
5235,햄
5236,환영
5237,가로수
5238,간식
5239,감
5240,개다
5241,고급스럽다
5242,고소하다
5243,공주
5244,깨어지다
5245,남
5246,네거리
5247,노란색
5248,녹음하다
5249,달러
5250,대여섯
5251,되돌아보다
5252,등산로
5253,마사지
5254,만
5255,먹히다
5256,몸살
5257,무더위
5258,무용가
5259,박스
5260,반기다
5261,밥솥
5262,베개
5263,벨트
5264,복사하다
5265,붓다
5266,비
5267,사계절
5268,사과하다
5269,사투리
5270,상금
5271,수저
5272,식욕
5273,앞바다
5274,얄밉다
5275,양상추
5276,여대생
5277,연기하다
5278,온라인
5279,외갓집
5280,외할머니
5281,유능하다
5282,유적지
5283,음악가
5284,응답하다
5285,이롭다
5286,이분
5287,인삼
5288,인상
5289,입사
5290,자
5291,재활용
5292,점원
5293,제삿날
5294,주름살
5295,참고하다
5296,찻잔
5297,철학적
5298,초대
5299,추천하다
5300,칫솔
5301,큰길
5302,판매되다
5303,편
5304,포근하다
5305,포도
5306,하나님
5307,학력
5308,한정하다
5309,향상되다
5310,홈페이지
5311,횡단보도
5312,가톨릭
5313,강당
5314,건조하다
5315,걷기
5316,고모부
5317,공중전화
5318,공통
5319,과거
5320,국가적
5321,귓속
5322,그래픽
5323,근교
5324,기초적
5325,녹음
5326,다양성
5327,대상자
5328,동그라미
5329,떠나오다
5330,레이저
5331,마중
5332,밝다
5333,밤중
5334,배드민턴
5335,배부르다
5336,버튼
5337,보수적
5338,불확실하다
5339,비만
5340,빗방울
5341,사회자
5342,샤워
5343,서투르다
5344,세탁기
5345,손뼉
5346,손수
5347,송편
5348,시들다
5349,시디
5350,신사
5351,신혼부부
5352,싱겁다
5353,쓸데없이
5354,야하다
5355,어쩌다가
5356,옛날이야기
5357,오븐
5358,온종일
5359,와인
5360,왕비
5361,우승하다
5362,운반
5363,웃어른
5364,인사말
5365,자판기
5366,장모님
5367,저녁때
5368,저울
5369,적어지다
5370,지폐
5371,진실로
5372,촛불
5373,출퇴근
5374,치과
5375,테스트
5376,통역
5377,퇴근하다
5378,표시하다
5379,피로하다
5380,하
5381,한데
5382,혼잣말
5383,화나다
5384,효도하다
5385,힘없이
5386,가로
5387,갈아타다
5388,건넌방
5389,곧이어
5390,공기
5391,굉장하다
5392,그래서
5393,기업인
5394,긴장되다
5395,깨끗해지다
5396,낚싯대
5397,남동생
5398,냇물
5399,단골
5400,단맛
5401,담요
5402,대
5403,더러워지다
5404,데우다
5405,도착
5406,동그랗다
5407,뛰어나오다
5408,레저
5409,로터리
5410,무덥다
5411,뭘
5412,반대편
5413,발바닥
5414,발톱
5415,밝아지다
5416,밤새다
5417,부잣집
5418,분명해지다
5419,사진기
5420,산길
5421,상추
5422,섭씨
5423,소시지
5424,쇼핑
5425,수업
5426,스케줄
5427,스키
5428,시외
5429,심각해지다
5430,싹
5431,씻기다
5432,안심하다
5433,약
5434,약수
5435,약품
5436,양배추
5437,양보
5438,양옆
5439,얕다
5440,어두워지다
5441,어쩜
5442,엊그제
5443,여고생
5444,여왕
5445,연기되다
5446,열
5447,예약
5448,올라타다
5449,운동화
5450,이곳저곳
5451,이다음
5452,일회용품
5453,읽히다
5454,잡수다
5455,장사꾼
5456,저런
5457,점심때
5458,주일
5459,즐거워하다
5460,집중하다
5461,짜다
5462,짜증스럽다
5463,천재
5464,초등학교
5465,초보
5466,초여름
5467,초저녁
5468,충돌하다
5469,코트
5470,피곤
5471,학비
5472,해
5473,해외여행
5474,효자
5475,감소되다
5476,강변
5477,공연되다
5478,공휴일
5479,괴로워하다
5480,교시
5481,그리로
5482,까먹다
5483,깜빡
5484,깡패
5485,꾸다
5486,낚시꾼
5487,다양해지다
5488,대중교통
5489,데려오다
5490,등록하다
5491,뛰놀다
5492,뛰어오다
5493,라켓
5494,리터
5495,마요네즈
5496,마흔
5497,만세
5498,만화가
5499,맘대로
5500,머리말
5501,면접
5502,명함
5503,몸속
5504,무책임하다
5505,반짝거리다
5506,밤새우다
5507,번지
5508,볼펜
5509,빨간색
5510,사립
5511,사생활
5512,사이사이
5513,사자
5514,새소리
5515,생활수준
5516,서툴다
5517,석사
5518,성당
5519,속마음
5520,손잡다
5521,숙녀
5522,순하다
5523,시댁
5524,시부모
5525,신체적
5526,실수하다
5527,쓴맛
5528,야옹
5529,얼마간
5530,올여름
5531,외제
5532,외출하다
5533,욕하다
5534,위아래
5535,음반
5536,의논
5537,이
5538,이래서
5539,이발소
5540,자살하다
5541,자연적
5542,장례식
5543,재수
5544,재작년
5545,재채기
5546,전구
5547,전문점
5548,전통문화
5549,정거장
5550,존댓말
5551,주전자
5552,지우다
5553,찬성
5554,초보자
5555,초청장
5556,촌스럽다
5557,카레
5558,컨디션
5559,코스모스
5560,킬로
5561,토론자
5562,튼튼히
5563,티셔츠
5564,페인트
5565,평상시
5566,학교생활
5567,한둘
5568,해물
5569,형
5570,혼나다
5571,가만
5572,감정적
5573,강북
5574,거리
5575,고무신
5576,고춧가루
5577,관람
5578,교외
5579,교육비
5580,국립
5581,금
5582,기억되다
5583,까다
5584,꽃씨
5585,꾸준하다
5586,난방
5587,내용물
5588,녹화
5589,농구
5590,달다
5591,뒷골목
5592,들어주다
5593,디자이너
5594,따로따로
5595,뛰어나가다
5596,뛰어놀다
5597,라이벌
5598,매번
5599,먹다
5600,무관심하다
5601,무사하다
5602,밤낮
5603,배구
5604,번역하다
5605,병아리
5606,부지런하다
5607,부피
5608,비기다
5609,생활용품
5610,선풍기
5611,세로
5612,섹시하다
5613,소비하다
5614,수리하다
5615,스물
5616,식료품
5617,식히다
5618,싫어지다
5619,씻기다
5620,얼리다
5621,여직원
5622,열리다
5623,옆방
5624,오피스텔
5625,올가을
5626,와이셔츠
5627,원피스
5628,윗사람
5629,이민
5630,이성
5631,이혼하다
5632,인제
5633,입사하다
5634,재우다
5635,전시되다
5636,졸리다
5637,졸음
5638,종이컵
5639,주문
5640,지능
5641,쩔쩔매다
5642,철
5643,청바지
5644,추가되다
5645,치료법
5646,치우다
5647,코끼리
5648,콘서트
5649,큰소리
5650,큰아들
5651,특급
5652,평일
5653,풀어지다
5654,한겨울
5655,한평생
5656,해수욕장
5657,핸드폰
5658,허허
5659,호실
5660,휴지통
5661,흐려지다
5662,희망하다
5663,힘들어하다
5664,강의하다
5665,걱정되다
5666,공연하다
5667,내과
5668,넷째
5669,된장찌개
5670,목걸이
5671,무지개
5672,문법
5673,볶음
5674,볼링
5675,비둘기
5676,생활비
5677,스키장
5678,시대적
5679,쓰다
5680,앞문
5681,인도
5682,책방
5683,추가하다
5684,칠판
5685,크리스마스
5686,탁구
5687,현대적
5688,구
5689,나흘
5690,늦가을
5691,다이어트
5692,목요일
5693,못생기다
5694,영화관
5695,예술적
5696,장모
5697,중국집
5698,지우개
5699,지하도
5700,튀김
5701,고궁
5702,고속버스
5703,단추
5704,대중적
5705,뚱뚱하다
5706,미역
5707,반말
5708,분홍색
5709,사
5710,소포
5711,손녀
5712,수영장
5713,아래층
5714,일본어
5715,작은아버지
5716,잠옷
5717,장갑
5718,초순
5719,퇴원하다
5720,하순
5721,갈비
5722,기혼
5723,도장
5724,동물원
5725,모레
5726,삼계탕
5727,생신
5728,서른
5729,시내버스
5730,아홉
5731,예약하다
5732,우표
5733,장미
5734,천둥
5735,퇴원
5736,파란색
5737,게으르다
5738,기념품
5739,냉면
5740,단풍
5741,독일어
5742,떡볶이
5743,문학적
5744,미끄럽다
5745,복숭아
5746,비빔밥
5747,여든
5748,외아들
5749,이따가
5750,일흔
5751,장인
5752,화요일
5753,강아지
5754,닷새
5755,동서남북
5756,선물하다
5757,아이스크림
5758,외할아버지
5759,요리하다
5760,입국
5761,주차
5762,체육관
5763,최소
5764,칠
5765,칼국수
5766,큰아버지
5767,홍차
5768,국민적
5769,국제선
5770,다섯째
5771,동양인
5772,맛없다
5773,백
5774,사십
5775,안과
5776,연락처
5777,연세
5778,예식장
5779,월세
5780,위층
5781,인삼차
5782,진찰
5783,초록색
5784,축구공
5785,큰딸
5786,팔
5787,결석
5788,김치찌개
5789,녹차
5790,독감
5791,만두
5792,발음하다
5793,보라색
5794,복습하다
5795,스케이트
5796,실례하다
5797,여섯
5798,연두색
5799,온돌
5800,육
5801,일곱
5802,출입국
5803,클래식
5804,팝송
5805,팩스
5806,국내선
5807,떡국
5808,복습
5809,삼십
5810,성함
5811,세탁소
5812,시외버스
5813,야구장
5814,오십
5815,운동복
5816,작은아들
5817,잠자리
5818,주차하다
5819,중국어
5820,청소기
5821,칠십
5822,필통
5823,학생증
5824,형수
5825,공항버스
5826,관광버스
5827,그저께
5828,냉방
5829,눈병
5830,다섯째
5831,배추김치
5832,사탕
5833,색연필
5834,소아과
5835,양력
5836,예순
5837,오
5838,작은어머니
5839,축구장
5840,한글날
5841,한식
5842,넉
5843,메일
5844,복사기
5845,빗
5846,설렁탕
5847,아드님
5848,천
5849,결석하다
5850,기념일
5851,까만색
5852,내후년
5853,따님
5854,쉰
5855,시아버지
5856,식품점
5857,약혼녀
5858,어저께
5859,영상
5860,예매하다
5861,예습
5862,예습하다
5863,육십
5864,출석하다
5865,큰어머니
5866,팔십
5867,멍멍
5868,분필
5869,약혼자
5870,양식
5871,억
5872,여덟
5873,외과
5874,제과점
5875,중식
5876,케첩
5877,편의점
5878,갈비탕
5879,검정색
5880,미용실
5881,아흔
5882,이십
5883,일식
5884,작은딸
5885,저곳
5886,초등학생
5887,하얀색
5888, 